# Host: localhost:3307  (Version: 8.0.12)
# Date: 2024-08-13 23:39:13
# Generator: MySQL-Front 5.3  (Build 4.234)

/*!40101 SET NAMES utf8 */;

#
# Structure for table "article"
#

DROP TABLE IF EXISTS `article`;
CREATE TABLE `article` (
  `Id` int(11) NOT NULL AUTO_INCREMENT,
  `title` varchar(255) DEFAULT NULL,
  `body` varchar(255) DEFAULT NULL,
  `status` varchar(255) DEFAULT NULL,
  `createtime` varchar(255) DEFAULT NULL,
  `updatetime` varchar(255) DEFAULT NULL,
  PRIMARY KEY (`Id`)
) ENGINE=MyISAM AUTO_INCREMENT=21 DEFAULT CHARSET=utf8;

#
# Data for table "article"
#

/*!40000 ALTER TABLE `article` DISABLE KEYS */;
INSERT INTO `article` VALUES (1,'123','123','1',NULL,NULL),(2,'123','123','0','2024-08-09 20:28:10','2024-08-09 20:28:10'),(3,'21312','12321','1','2024-08-09 20:46:46','2024-08-09 20:46:46'),(4,'123','123','1','2024-08-09 20:54:21','2024-08-09 20:54:21'),(5,'123','123','1','2024-08-09 20:54:28','2024-08-09 20:54:28'),(6,'321312','321312','1','2024-08-09 20:55:05','2024-08-09 20:55:05'),(7,'123','12321','1','2024-08-09 20:55:22','2024-08-09 20:55:22'),(8,'3213','12312','1','2024-08-09 20:55:48','2024-08-09 20:55:48'),(9,'123','123','1','2024-08-09 20:56:00','2024-08-09 20:56:00'),(10,'213','21313','1','2024-08-09 20:56:06','2024-08-09 20:56:06'),(11,'3213','321321','1','2024-08-09 21:00:09','2024-08-09 21:00:09'),(12,'11','11','1','2024-08-09 21:04:57','2024-08-09 21:04:57'),(13,'发射的火箭飞机喀什落后就发觉考虑','大苏打实打实大大','0','2024-08-09 21:07:18','2024-08-09 21:07:18'),(14,'1231231','123123123','1','2024-08-09 21:07:27','2024-08-09 21:07:27'),(15,'11132131','231232131231231231','1','2024-08-09 22:24:31','2024-08-09 22:24:31'),(16,'11132131','231232131231231231','1','2024-08-09 22:24:40','2024-08-09 22:24:40'),(17,'123213213','1231312312312','1','2024-08-10 00:15:21','2024-08-10 00:15:21'),(18,'321321','3213123','1','2024-08-10 20:05:35','2024-08-10 20:05:35'),(19,'111','11111','1','2024-08-10 21:08:53','2024-08-10 21:08:53'),(20,'111','11111','1','2024-08-10 21:08:54','2024-08-10 21:08:54'),(21,'大撒大撒大撒大撒大大','大撒大撒大撒大撒大大','1','2024-08-13 13:23:11','2024-08-13 13:23:11'),(22,'大撒大撒大苏打','大撒大撒大苏打','1','2024-08-13 13:24:31','2024-08-13 13:24:31'),(23,'大撒大撒大苏打','大撒大撒大苏打','1','2024-08-13 13:26:25','2024-08-13 13:26:25'),(24,'rollBack','rollBack','1','2024-08-13 13:27:27','2024-08-13 13:27:27'),(25,'额外231231','.catch(error => {\n    // 打印错误信息\n    console.error(\'Error:\', error.message);\n    alert(`Error: ${error.message}`);\n});','1','2024-08-13 13:31:32','2024-08-13 13:31:32'),(26,'的撒大苏打','的撒大苏打','1','2024-08-13 13:32:56','2024-08-13 13:32:56'),(27,'大啊阿萨顶顶顶','大啊阿萨顶顶顶','1','2024-08-13 13:35:29','2024-08-13 13:35:29'),(28,'大啊阿萨顶顶顶','大啊阿萨顶顶顶','1','2024-08-13 13:37:50','2024-08-13 13:37:50');
/*!40000 ALTER TABLE `article` ENABLE KEYS */;

#
# Structure for table "article_user"
#

DROP TABLE IF EXISTS `article_user`;
CREATE TABLE `article_user` (
  `Id` int(11) NOT NULL AUTO_INCREMENT,
  `user_id` varchar(255) DEFAULT NULL COMMENT '用户id',
  `article_id` varchar(255) DEFAULT NULL,
  `createtime` varchar(255) DEFAULT NULL,
  `updatetime` varchar(255) DEFAULT NULL,
  PRIMARY KEY (`Id`)
) ENGINE=MyISAM AUTO_INCREMENT=21 DEFAULT CHARSET=utf8;

#
# Data for table "article_user"
#

/*!40000 ALTER TABLE `article_user` DISABLE KEYS */;
INSERT INTO `article_user` VALUES (1,'14','1','2024-08-09 20:56:06','2024-08-09 20:56:06'),(2,'14','2','2024-08-09 20:28:10','2024-08-09 20:28:10'),(3,'14','3','2024-08-09 20:46:46','2024-08-09 20:46:46'),(4,'14','4','2024-08-09 20:54:21','2024-08-09 20:54:21'),(5,'14','5','2024-08-09 20:54:28','2024-08-09 20:54:28'),(6,'14','6','2024-08-09 20:55:05','2024-08-09 20:55:05'),(7,'14','7','2024-08-09 20:55:22','2024-08-09 20:55:22'),(8,'14','8','2024-08-09 20:55:48','2024-08-09 20:55:48'),(9,'14','9','2024-08-09 20:56:00','2024-08-09 20:56:00'),(10,'14','10','2024-08-09 20:56:06','2024-08-09 20:56:06'),(11,'14','11','2024-08-09 21:00:09','2024-08-09 21:00:09'),(12,'14','12','2024-08-09 21:04:57','2024-08-09 21:04:57'),(13,'14','13','2024-08-09 21:07:18','2024-08-09 21:07:18'),(14,'14','14','2024-08-09 21:07:27','2024-08-09 21:07:27'),(15,'14','15','2024-08-09 22:24:31','2024-08-09 22:24:31'),(16,'14','16','2024-08-09 22:24:40','2024-08-09 22:24:40'),(17,'14','17','2024-08-10 00:15:21','2024-08-10 00:15:21'),(18,'14','18','2024-08-10 20:05:35','2024-08-10 20:05:35'),(19,'14','19','2024-08-10 21:08:53','2024-08-10 21:08:53'),(20,'14','20','2024-08-10 21:08:54','2024-08-10 21:08:54'),(21,'14','28','2024-08-13 13:37:50','2024-08-13 13:37:50');
/*!40000 ALTER TABLE `article_user` ENABLE KEYS */;

#
# Structure for table "users"
#

DROP TABLE IF EXISTS `users`;
CREATE TABLE `users` (
  `id` int(11) NOT NULL AUTO_INCREMENT,
  `username` varchar(20) NOT NULL DEFAULT '' COMMENT '用户名',
  `password` varchar(255) NOT NULL DEFAULT '',
  `token` varchar(255) DEFAULT NULL,
  `createtime` varchar(255) DEFAULT '' COMMENT '创建时间',
  `updatetime` varchar(255) DEFAULT NULL COMMENT '修改时间',
  PRIMARY KEY (`id`),
  UNIQUE KEY `username` (`username`)
) ENGINE=MyISAM AUTO_INCREMENT=11 DEFAULT CHARSET=utf8 COMMENT='用户表';

#
# Data for table "users"
#

/*!40000 ALTER TABLE `users` DISABLE KEYS */;
INSERT INTO `users` VALUES (1,'123','admin123',NULL,'55','1111'),(2,'123123','1232132132131',NULL,NULL,'111'),(3,'123213213','32131231231',NULL,'22222',NULL),(4,'test','123456',NULL,'',NULL),(5,'test1111','123456',NULL,'',NULL),(6,'j22123hy','d3625e8754eaef2e41e2cd52d492558f',NULL,'1723199001','1723199001'),(7,'j22123hy123','d3625e8754eaef2e41e2cd52d492558f',NULL,'1723199635','1723199635'),(8,'FINANCE-ADMIN-API','982ddb279be4d98d689b3d761ea9d69a',NULL,'1723201432','1723201432'),(9,'asdasd','4297f44b13955235245b2497399d7a93',NULL,'1723291523','1723291523'),(10,'asdasdasd','4297f44b13955235245b2497399d7a93',NULL,'1723295313','1723295313'),(13,'','',NULL,'',NULL),(14,'FINANCE-ADMIN-API1','$2y$10$baPFvrSamrL8SCgrsY3CSOSG1V8NlNKk7lVnSTOEAZHCLlfLVJAyS','eyJ0eXAiOiJKV1QiLCJhbGciOiJIUzI1NiIsImtpZCI6ImtleUlkIn0.eyJpc3MiOiJteU5vdGVzIiwic3ViIjoxNCwiaWF0IjoxNzIzNTU3NTkwLCJleHAiOjE3MjM1NjExOTB9.9Lpf99SY2Z7wEPxl3LYK6zZsyl7X2jnmsfc2g0Bb7Rc','2024-08-13 05:32:05','2024-08-13 05:32:05'),(15,'j22123hy31231','$2y$10$JBv1PQtuSRKW.AbAwLEV6u.FTScXCQvpISbt1.VEQMxQ8k8K7zYGq',NULL,'2024-08-13 06:51:34','2024-08-13 06:51:34'),(16,'j22123hy1232131','$2y$10$faM6sMm6YLtVJQ1zlYpRTuDcNCC6zB/3n..rSazopfxk3Ff0oSlqu',NULL,'2024-08-13 06:51:50','2024-08-13 06:51:50'),(17,'FINANCE-ADMIN-API12','$2y$10$NzUQ694sKVJDv7Al0YAFVe41knkfOlyyF6bPJzUaDVhHtl/ukL.ey',NULL,'2024-08-13 06:57:04','2024-08-13 06:57:04'),(18,'FINANCE-ADMIN-API123','$2y$10$7eVjOsssq8liEyUjm3hTGuq0jGPIqQbvLoL75b12Yr5vgR1YaEHJq',NULL,'2024-08-13 06:58:00','2024-08-13 06:58:00'),(19,'j22098gx1','$2y$10$b.DqFDrvFjP70Clx3eqDBOjxdrtdfBwkPnUIwEXWX2jQjesNgVP9q',NULL,'2024-08-13 07:01:34','2024-08-13 07:01:34'),(20,'j22098gx11','$2y$10$KtMNztKcCZCLohNDfKPcDO2U5XrFtyPtSu4Bza/qLKIZ.O5J8C9/e',NULL,'2024-08-13 07:03:59','2024-08-13 07:03:59'),(21,'j22098gxaa','$2y$10$aZVpMBbJz/KCnZAAjU8a8OxZ/DaO6DAC1wQTA3QSj4IG92rHhIp/G',NULL,'2024-08-13 07:06:06','2024-08-13 07:06:06'),(22,'j22098gx1111','$2y$10$wvtK23WJZOpZC9BbYJ6ZBuzU/7REizMjxGSTGqpUhyYzzi2crm7jK',NULL,'2024-08-13 07:08:01','2024-08-13 07:08:01'),(23,'j22098gx231312','$2y$10$/ZeT7hdK1Z/WUHXemn0jLOotGFEiA2MLowbzoU/o85LMljTBefPb6',NULL,'2024-08-13 10:10:27','2024-08-13 10:10:27');
/*!40000 ALTER TABLE `users` ENABLE KEYS */;
